rank,score
1,0.0740861
2,0.0742138
3,0.0742912
4,0.0743659
5,0.0744219
6,0.0745138
7,0.0745633
8,0.0745701
9,0.0745746
10,0.0745842
11,0.0745902
12,0.0747250
13,0.0747457
14,0.0747700
15,0.0747839
16,0.0747903
17,0.0747993
18,0.0748019
19,0.0748106
20,0.0748134
21,0.0748159
22,0.0748159
23,0.0748179
24,0.0748327
25,0.0748328
26,0.0748417
27,0.0748478
28,0.0748479
29,0.0748574
30,0.0748629
31,0.0748652
32,0.0748730
33,0.0748760
34,0.0748847
35,0.0748888
36,0.0748907
37,0.0748944
38,0.0748965
39,0.0748983
40,0.0749020
41,0.0749052
42,0.0749066
43,0.0749078
44,0.0749165
45,0.0749197
46,0.0749202
47,0.0749223
48,0.0749244
49,0.0749260
50,0.0749329
51,0.0749446
52,0.0749465
53,0.0749517
54,0.0749520
55,0.0749534
56,0.0749563
57,0.0749570
58,0.0749628
59,0.0749674
60,0.0749677
61,0.0749703
62,0.0749722
63,0.0749788
64,0.0749816
65,0.0749829
66,0.0749842
67,0.0749848
68,0.0749852
69,0.0749895
70,0.0749902
71,0.0749911
72,0.0749935
73,0.0749938
74,0.0749948
75,0.0749957
76,0.0749966
77,0.0749978
78,0.0749997
79,0.0750046
80,0.0750075
81,0.0750094
82,0.0750099
83,0.0750104
84,0.0750114
85,0.0750131
86,0.0750133
87,0.0750143
88,0.0750145
89,0.0750152
90,0.0750176
91,0.0750181
92,0.0750195
93,0.0750205
94,0.0750212
95,0.0750215
96,0.0750227
97,0.0750236
98,0.0750239
99,0.0750243
100,0.0750251
101,0.0750258
102,0.0750267
103,0.0750270
104,0.0750273
105,0.0750275
106,0.0750277
107,0.0750284
108,0.0750297
109,0.0750330
110,0.0750339
111,0.0750381
112,0.0750389
113,0.0750406
114,0.0750412
115,0.0750444
116,0.0750444
117,0.0750475
118,0.0750479
119,0.0750519
120,0.0750528
121,0.0750528
122,0.0750537
123,0.0750546
124,0.0750560
125,0.0750563
126,0.0750564
127,0.0750574
128,0.0750577
129,0.0750582
130,0.0750588
131,0.0750589
132,0.0750601
133,0.0750620
134,0.0750637
135,0.0750659
136,0.0750664
137,0.0750665
138,0.0750671
139,0.0750680
140,0.0750683
141,0.0750695
142,0.0750709
143,0.0750721
144,0.0750726
145,0.0750730
146,0.0750744
147,0.0750752
148,0.0750757
149,0.0750765
150,0.0750767
151,0.0750770
152,0.0750775
153,0.0750779
154,0.0750788
155,0.0750801
156,0.0750802
157,0.0750812
158,0.0750814
159,0.0750827
160,0.0750827
161,0.0750836
162,0.0750841
163,0.0750841
164,0.0750855
165,0.0750856
166,0.0750858
167,0.0750860
168,0.0750871
169,0.0750876
170,0.0750881
171,0.0750894
172,0.0750898
173,0.0750899
174,0.0750902
175,0.0750905
176,0.0750908
177,0.0750910
178,0.0750920
179,0.0750929
180,0.0750958
181,0.0750970
182,0.0750986
183,0.0750990
184,0.0750991
185,0.0750997
186,0.0751004
187,0.0751015
188,0.0751015
189,0.0751015
190,0.0751024
191,0.0751024
192,0.0751026
193,0.0751029
194,0.0751038
195,0.0751054
196,0.0751057
197,0.0751057
198,0.0751059
199,0.0751062
200,0.0751071
201,0.0751086
202,0.0751087
203,0.0751107
204,0.0751109
205,0.0751117
206,0.0751117
207,0.0751123
208,0.0751125
209,0.0751138
210,0.0751138
211,0.0751139
212,0.0751150
213,0.0751158
214,0.0751178
215,0.0751195
216,0.0751228
217,0.0751228
218,0.0751230
219,0.0751233
220,0.0751237
221,0.0751238
222,0.0751246
223,0.0751271
224,0.0751305
225,0.0751307
226,0.0751322
227,0.0751333
228,0.0751334
229,0.0751335
230,0.0751357
231,0.0751360
232,0.0751364
233,0.0751366
234,0.0751367
235,0.0751377
236,0.0751381
237,0.0751404
238,0.0751407
239,0.0751409
240,0.0751409
241,0.0751415
242,0.0751422
243,0.0751428
244,0.0751430
245,0.0751436
246,0.0751444
247,0.0751449
248,0.0751454
249,0.0751455
250,0.0751456
251,0.0751473
252,0.0751484
253,0.0751488
254,0.0751489
255,0.0751493
256,0.0751506
257,0.0751521
258,0.0751522
259,0.0751524
260,0.0751526
261,0.0751536
262,0.0751554
263,0.0751563
264,0.0751571
265,0.0751573
266,0.0751583
267,0.0751586
268,0.0751595
269,0.0751597
270,0.0751614
271,0.0751629
272,0.0751634
273,0.0751651
274,0.0751658
275,0.0751661
276,0.0751671
277,0.0751672
278,0.0751682
279,0.0751694
280,0.0751695
281,0.0751696
282,0.0751696
283,0.0751706
284,0.0751708
285,0.0751718
286,0.0751720
287,0.0751723
288,0.0751757
289,0.0751764
290,0.0751767
291,0.0751768
292,0.0751781
293,0.0751782
294,0.0751783
295,0.0751795
296,0.0751796
297,0.0751798
298,0.0751821
299,0.0751835
300,0.0751846
301,0.0751846
302,0.0751846
303,0.0751859
304,0.0751859
305,0.0751859
306,0.0751859
307,0.0751868
308,0.0751902
309,0.0751904
310,0.0751913
311,0.0751913
312,0.0751921
313,0.0751931
314,0.0751931
315,0.0751942
316,0.0751943
317,0.0751951
318,0.0751955
319,0.0751966
320,0.0751975
321,0.0751981
322,0.0751982
323,0.0751982
324,0.0751986
325,0.0751986
326,0.0751986
327,0.0751986
328,0.0751986
329,0.0751986
330,0.0751995
331,0.0752022
332,0.0752029
333,0.0752031
334,0.0752032
335,0.0752037
336,0.0752041
337,0.0752056
338,0.0752062
339,0.0752066
340,0.0752067
341,0.0752072
342,0.0752084
343,0.0752088
344,0.0752089
345,0.0752095
346,0.0752096
347,0.0752101
348,0.0752108
349,0.0752111
350,0.0752120
351,0.0752120
352,0.0752122
353,0.0752122
354,0.0752126
355,0.0752126
356,0.0752128
357,0.0752133
358,0.0752137
359,0.0752137
360,0.0752140
361,0.0752141
362,0.0752142
363,0.0752144
364,0.0752152
365,0.0752154
366,0.0752154
367,0.0752154
368,0.0752154
369,0.0752154
370,0.0752154
371,0.0752154
372,0.0752154
373,0.0752154
374,0.0752154
375,0.0752154
376,0.0752154
377,0.0752154
378,0.0752154
379,0.0752154
380,0.0752154
381,0.0752154
382,0.0752154
383,0.0752154
384,0.0752154
385,0.0752154
386,0.0752154
387,0.0752154
388,0.0752154
389,0.0752154
390,0.0752154
391,0.0752154
392,0.0752154
393,0.0752154
394,0.0752154
395,0.0752154
396,0.0752154
397,0.0752154
398,0.0752154
399,0.0752154
400,0.0752154
401,0.0752154
402,0.0752154
403,0.0752154
404,0.0752154
405,0.0752154
406,0.0752154
407,0.0752154
408,0.0752154
409,0.0752154
410,0.0752154
411,0.0752154
412,0.0752154
413,0.0752154
414,0.0752154
415,0.0752154
416,0.0752165
417,0.0752169
418,0.0752179
419,0.0752182
420,0.0752197
421,0.0752201
422,0.0752201
423,0.0752240
424,0.0752246
425,0.0752264
426,0.0752264
427,0.0752282
428,0.0752288
429,0.0752295
430,0.0752299
431,0.0752306
432,0.0752319
433,0.0752326
434,0.0752328
435,0.0752338
436,0.0752347
437,0.0752360
438,0.0752362
439,0.0752370
440,0.0752385
441,0.0752391
442,0.0752395
443,0.0752395
444,0.0752417
445,0.0752417
446,0.0752443
447,0.0752464
448,0.0752464
449,0.0752470
450,0.0752470
451,0.0752470
452,0.0752470
453,0.0752470
454,0.0752478
455,0.0752493
456,0.0752503
457,0.0752512
458,0.0752534
459,0.0752541
460,0.0752550
461,0.0752567
462,0.0752583
463,0.0752589
464,0.0752607
465,0.0752623
466,0.0752631
467,0.0752631
468,0.0752632
469,0.0752639
470,0.0752643
471,0.0752650
472,0.0752657
473,0.0752674
474,0.0752677
475,0.0752691
476,0.0752701
477,0.0752715
478,0.0752765
479,0.0752768
480,0.0752773
481,0.0752791
482,0.0752808
483,0.0752811
484,0.0752819
485,0.0752823
486,0.0752841
487,0.0752842
488,0.0752845
489,0.0752845
490,0.0752849
491,0.0752853
492,0.0752854
493,0.0752854
494,0.0752855
495,0.0752855
496,0.0752857
497,0.0752858
498,0.0752867
499,0.0752873
500,0.0752874
501,0.0752878
502,0.0752883
503,0.0752890
504,0.0752892
505,0.0752895
506,0.0752896
507,0.0752905
508,0.0752910
509,0.0752910
510,0.0752912
511,0.0752917
512,0.0752920
513,0.0752930
514,0.0752940
515,0.0752959
516,0.0752960
517,0.0752961
518,0.0752963
519,0.0752965
520,0.0752965
521,0.0752967
522,0.0752967
523,0.0752979
524,0.0752981
525,0.0752982
526,0.0752984
527,0.0752989
528,0.0752995
529,0.0752995
530,0.0753002
531,0.0753003
532,0.0753012
533,0.0753018
534,0.0753018
535,0.0753021
536,0.0753030
537,0.0753030
538,0.0753037
539,0.0753047
540,0.0753047
541,0.0753047
542,0.0753047
543,0.0753047
544,0.0753047
545,0.0753047
546,0.0753047
547,0.0753047
548,0.0753047
549,0.0753047
550,0.0753047
551,0.0753047
552,0.0753047
553,0.0753047
554,0.0753047
555,0.0753047
556,0.0753047
557,0.0753047
558,0.0753047
559,0.0753047
560,0.0753047
561,0.0753047
562,0.0753047
563,0.0753047
564,0.0753047
565,0.0753047
566,0.0753047
567,0.0753047
568,0.0753047
569,0.0753047
570,0.0753047
571,0.0753047
572,0.0753047
573,0.0753047
574,0.0753047
575,0.0753047
576,0.0753047
577,0.0753047
578,0.0753047
579,0.0753047
580,0.0753047
581,0.0753047
582,0.0753047
583,0.0753047
584,0.0753047
585,0.0753047
586,0.0753047
587,0.0753050
588,0.0753052
589,0.0753059
590,0.0753062
591,0.0753067
592,0.0753088
593,0.0753089
594,0.0753091
595,0.0753107
596,0.0753116
597,0.0753117
598,0.0753121
599,0.0753121
600,0.0753122
601,0.0753125
602,0.0753127
603,0.0753128
604,0.0753129
605,0.0753140
606,0.0753148
607,0.0753151
608,0.0753152
609,0.0753159
610,0.0753174
611,0.0753181
612,0.0753196
613,0.0753198
614,0.0753206
615,0.0753215
616,0.0753220
617,0.0753236
618,0.0753238
619,0.0753254
620,0.0753257
621,0.0753260
622,0.0753275
623,0.0753275
624,0.0753275
625,0.0753275
626,0.0753275
627,0.0753275
628,0.0753275
629,0.0753280
630,0.0753282
631,0.0753296
632,0.0753303
633,0.0753308
634,0.0753314
635,0.0753317
636,0.0753351
637,0.0753352
638,0.0753357
639,0.0753374
640,0.0753380
641,0.0753380
642,0.0753380
643,0.0753393
644,0.0753397
645,0.0753424
646,0.0753447
647,0.0753455
648,0.0753462
649,0.0753462
650,0.0753470
651,0.0753475
652,0.0753479
653,0.0753481
654,0.0753485
655,0.0753487
656,0.0753489
657,0.0753492
658,0.0753498
659,0.0753511
660,0.0753511
661,0.0753516
662,0.0753516
663,0.0753530
664,0.0753530
665,0.0753533
666,0.0753538
667,0.0753543
668,0.0753563
669,0.0753576
670,0.0753583
671,0.0753593
672,0.0753600
673,0.0753603
674,0.0753656
675,0.0753668
676,0.0753676
677,0.0753694
678,0.0753701
679,0.0753701
680,0.0753716
681,0.0753731
682,0.0753738
683,0.0753743
684,0.0753746
685,0.0753756
686,0.0753756
687,0.0753780
688,0.0753790
689,0.0753791
690,0.0753791
691,0.0753791
692,0.0753805
693,0.0753810
694,0.0753815
695,0.0753815
696,0.0753815
697,0.0753824
698,0.0753834
699,0.0753836
700,0.0753837
701,0.0753842
702,0.0753844
703,0.0753854
704,0.0753862
705,0.0753873
706,0.0753877
707,0.0753877
708,0.0753896
709,0.0753897
710,0.0753901
711,0.0753902
712,0.0753902
713,0.0753905
714,0.0753913
715,0.0753914
716,0.0753926
717,0.0753928
718,0.0753929
719,0.0753930
720,0.0753935
721,0.0753935
722,0.0753936
723,0.0753942
724,0.0753944
725,0.0753951
726,0.0753954
727,0.0753955
728,0.0753957
729,0.0753958
730,0.0753960
731,0.0753963
732,0.0753964
733,0.0753967
734,0.0753967
735,0.0753970
736,0.0753970
737,0.0753970
738,0.0753970
739,0.0753974
740,0.0753975
741,0.0753980
742,0.0753984
743,0.0753984
744,0.0753989
745,0.0753991
746,0.0753991
747,0.0753992
748,0.0753992
749,0.0753994
750,0.0753995
751,0.0753995
752,0.0753995
753,0.0753996
754,0.0753998
755,0.0753999
756,0.0754001
757,0.0754001
758,0.0754001
759,0.0754002
760,0.0754002
761,0.0754002
762,0.0754002
763,0.0754003
764,0.0754003
765,0.0754003
766,0.0754003
767,0.0754003
768,0.0754003
769,0.0754004
770,0.0754004
771,0.0754005
772,0.0754006
773,0.0754007
774,0.0754008
775,0.0754011
776,0.0754013
777,0.0754015
778,0.0754016
779,0.0754016
780,0.0754017
781,0.0754018
782,0.0754021
783,0.0754021
784,0.0754022
785,0.0754023
786,0.0754023
787,0.0754023
788,0.0754023
789,0.0754024
790,0.0754024
791,0.0754025
792,0.0754025
793,0.0754025
794,0.0754025
795,0.0754025
796,0.0754025
797,0.0754025
798,0.0754025
799,0.0754025
800,0.0754025
801,0.0754025
802,0.0754025
803,0.0754028
804,0.0754029
805,0.0754029
806,0.0754031
807,0.0754032
808,0.0754032
809,0.0754032
810,0.0754032
811,0.0754032
812,0.0754032
813,0.0754032
814,0.0754032
815,0.0754032
816,0.0754033
817,0.0754033
818,0.0754034
819,0.0754034
820,0.0754034
821,0.0754034
822,0.0754034
823,0.0754035
824,0.0754037
825,0.0754037
826,0.0754037
827,0.0754037
828,0.0754037
829,0.0754037
830,0.0754037
831,0.0754037
832,0.0754037
833,0.0754037
834,0.0754037
835,0.0754037
836,0.0754037
837,0.0754037
838,0.0754037
839,0.0754037
840,0.0754037
841,0.0754037
842,0.0754037
843,0.0754037
844,0.0754037
845,0.0754037
846,0.0754037
847,0.0754037
848,0.0754037
849,0.0754037
850,0.0754037
851,0.0754037
852,0.0754037
853,0.0754037
854,0.0754037
855,0.0754037
856,0.0754037
857,0.0754037
858,0.0754037
859,0.0754037
860,0.0754037
861,0.0754037
862,0.0754037
863,0.0754037
864,0.0754037
865,0.0754037
866,0.0754037
867,0.0754037
868,0.0754037
869,0.0754037
870,0.0754037
871,0.0754037
872,0.0754037
873,0.0754037
874,0.0754037
875,0.0754037
876,0.0754037
877,0.0754037
878,0.0754037
879,0.0754037
880,0.0754037
881,0.0754037
882,0.0754037
883,0.0754037
884,0.0754037
885,0.0754037
886,0.0754037
887,0.0754037
888,0.0754037
889,0.0754037
890,0.0754037
891,0.0754037
892,0.0754037
893,0.0754037
894,0.0754037
895,0.0754037
896,0.0754037
897,0.0754037
898,0.0754037
899,0.0754037
900,0.0754037
901,0.0754037
902,0.0754037
903,0.0754037
904,0.0754037
905,0.0754037
906,0.0754037
907,0.0754037
908,0.0754037
909,0.0754041
910,0.0754041
911,0.0754042
912,0.0754042
913,0.0754042
914,0.0754042
915,0.0754042
916,0.0754042
917,0.0754042
918,0.0754044
919,0.0754044
920,0.0754044
921,0.0754044
922,0.0754044
923,0.0754044
924,0.0754044
925,0.0754044
926,0.0754045
927,0.0754045
928,0.0754045
929,0.0754046
930,0.0754046
931,0.0754046
932,0.0754046
933,0.0754046
934,0.0754046
935,0.0754046
936,0.0754046
937,0.0754046
938,0.0754047
939,0.0754047
940,0.0754047
941,0.0754047
942,0.0754049
943,0.0754051
944,0.0754051
945,0.0754051
946,0.0754052
947,0.0754054
948,0.0754055
949,0.0754056
950,0.0754058
951,0.0754059
952,0.0754060
953,0.0754061
954,0.0754061
955,0.0754062
956,0.0754065
957,0.0754065
958,0.0754065
959,0.0754066
960,0.0754066
961,0.0754074
962,0.0754075
963,0.0754076
964,0.0754076
965,0.0754076
966,0.0754078
967,0.0754079
968,0.0754079
969,0.0754081
970,0.0754081
971,0.0754081
972,0.0754082
973,0.0754082
974,0.0754082
975,0.0754082
976,0.0754083
977,0.0754083
978,0.0754084
979,0.0754084
980,0.0754085
981,0.0754087
982,0.0754097
983,0.0754097
984,0.0754100
985,0.0754104
986,0.0754106
987,0.0754106
988,0.0754106
989,0.0754106
990,0.0754106
991,0.0754106
992,0.0754108
993,0.0754110
994,0.0754113
995,0.0754113
996,0.0754114
997,0.0754119
998,0.0754120
999,0.0754121
1000,0.0754123
1001,0.0754129
1002,0.0754131
1003,0.0754131
1004,0.0754134
1005,0.0754136
1006,0.0754136
1007,0.0754138
1008,0.0754140
1009,0.0754145
1010,0.0754148
1011,0.0754153
1012,0.0754153
1013,0.0754155
1014,0.0754157
1015,0.0754161
1016,0.0754162
1017,0.0754162
1018,0.0754171
1019,0.0754171
1020,0.0754181
1021,0.0754181
1022,0.0754182
1023,0.0754182
1024,0.0754185
1025,0.0754194
1026,0.0754199
1027,0.0754211
1028,0.0754211
1029,0.0754224
1030,0.0754225
1031,0.0754233
1032,0.0754240
1033,0.0754254
1034,0.0754258
1035,0.0754259
1036,0.0754259
1037,0.0754261
1038,0.0754261
1039,0.0754264
1040,0.0754264
1041,0.0754269
1042,0.0754269
1043,0.0754269
1044,0.0754276
1045,0.0754276
1046,0.0754276
1047,0.0754276
1048,0.0754276
1049,0.0754276
1050,0.0754278
1051,0.0754288
1052,0.0754290
1053,0.0754295
1054,0.0754301
1055,0.0754311
1056,0.0754311
1057,0.0754316
1058,0.0754319
1059,0.0754320
1060,0.0754324
1061,0.0754324
1062,0.0754330
1063,0.0754330
1064,0.0754338
1065,0.0754342
1066,0.0754346
1067,0.0754346
1068,0.0754346
1069,0.0754346
1070,0.0754346
1071,0.0754346
1072,0.0754346
1073,0.0754346
1074,0.0754353
1075,0.0754354
1076,0.0754354
1077,0.0754356
1078,0.0754357
1079,0.0754358
1080,0.0754359
1081,0.0754359
1082,0.0754359
1083,0.0754361
1084,0.0754365
1085,0.0754369
1086,0.0754370
1087,0.0754375
1088,0.0754378
1089,0.0754378
1090,0.0754380
1091,0.0754382
1092,0.0754385
1093,0.0754386
1094,0.0754387
1095,0.0754387
1096,0.0754387
1097,0.0754388
1098,0.0754390
1099,0.0754391
1100,0.0754391
1101,0.0754397
1102,0.0754398
1103,0.0754399
1104,0.0754403
1105,0.0754403
1106,0.0754403
1107,0.0754404
1108,0.0754404
1109,0.0754404
1110,0.0754404
1111,0.0754404
1112,0.0754407
1113,0.0754408
1114,0.0754408
1115,0.0754409
1116,0.0754413
1117,0.0754416
1118,0.0754418
1119,0.0754419
1120,0.0754423
1121,0.0754423
1122,0.0754423
1123,0.0754423
1124,0.0754423
1125,0.0754425
1126,0.0754430
1127,0.0754433
1128,0.0754436
1129,0.0754438
1130,0.0754439
1131,0.0754439
1132,0.0754441
1133,0.0754442
1134,0.0754442
1135,0.0754443
1136,0.0754444
1137,0.0754453
1138,0.0754453
1139,0.0754460
1140,0.0754464
1141,0.0754473
1142,0.0754477
1143,0.0754483
1144,0.0754485
1145,0.0754486
1146,0.0754486
1147,0.0754490
1148,0.0754490
1149,0.0754490
1150,0.0754493
1151,0.0754497
1152,0.0754497
1153,0.0754500
1154,0.0754501
1155,0.0754501
1156,0.0754501
1157,0.0754503
1158,0.0754503
1159,0.0754503
1160,0.0754505
1161,0.0754505
1162,0.0754510
1163,0.0754513
1164,0.0754515
1165,0.0754515
1166,0.0754515
1167,0.0754523
1168,0.0754523
1169,0.0754524
1170,0.0754525
1171,0.0754526
1172,0.0754529
1173,0.0754531
1174,0.0754536
1175,0.0754537
1176,0.0754538
1177,0.0754539
1178,0.0754541
1179,0.0754544
1180,0.0754544
1181,0.0754544
1182,0.0754548
1183,0.0754548
1184,0.0754549
1185,0.0754549
1186,0.0754558
1187,0.0754560
1188,0.0754562
1189,0.0754563
1190,0.0754565
1191,0.0754575
1192,0.0754576
1193,0.0754580
1194,0.0754589
1195,0.0754589
1196,0.0754594
1197,0.0754594
1198,0.0754597
1199,0.0754597
1200,0.0754597
1201,0.0754597
1202,0.0754599
1203,0.0754599
1204,0.0754599
1205,0.0754600
1206,0.0754602
1207,0.0754604
1208,0.0754604
1209,0.0754609
1210,0.0754610
1211,0.0754614
1212,0.0754618
1213,0.0754618
1214,0.0754619
1215,0.0754619
1216,0.0754623
1217,0.0754625
1218,0.0754626
1219,0.0754628
1220,0.0754631
1221,0.0754631
1222,0.0754631
1223,0.0754636
1224,0.0754637
1225,0.0754644
1226,0.0754647
1227,0.0754650
1228,0.0754650
1229,0.0754655
1230,0.0754662
1231,0.0754662
1232,0.0754663
1233,0.0754663
1234,0.0754663
1235,0.0754664
1236,0.0754668
1237,0.0754669
1238,0.0754671
1239,0.0754673
1240,0.0754677
1241,0.0754677
1242,0.0754677
1243,0.0754681
1244,0.0754681
1245,0.0754682
1246,0.0754682
1247,0.0754689
1248,0.0754695
1249,0.0754695
1250,0.0754697
1251,0.0754697
1252,0.0754697
1253,0.0754697
1254,0.0754702
1255,0.0754702
1256,0.0754705
1257,0.0754705
1258,0.0754706
1259,0.0754708
1260,0.0754710
1261,0.0754711
1262,0.0754715
1263,0.0754716
1264,0.0754717
1265,0.0754718
1266,0.0754719
1267,0.0754726
1268,0.0754726
1269,0.0754727
1270,0.0754727
1271,0.0754732
1272,0.0754736
1273,0.0754737
1274,0.0754737
1275,0.0754739
1276,0.0754739
1277,0.0754740
1278,0.0754740
1279,0.0754741
1280,0.0754744
1281,0.0754744
1282,0.0754746
1283,0.0754746
1284,0.0754750
1285,0.0754751
1286,0.0754751
1287,0.0754752
1288,0.0754753
1289,0.0754753
1290,0.0754759
1291,0.0754759
1292,0.0754760
1293,0.0754761
1294,0.0754761
1295,0.0754763
1296,0.0754763
1297,0.0754764
1298,0.0754766
1299,0.0754771
1300,0.0754777
1301,0.0754779
1302,0.0754784
1303,0.0754785
1304,0.0754786
1305,0.0754787
1306,0.0754788
1307,0.0754790
1308,0.0754790
1309,0.0754802
1310,0.0754805
1311,0.0754810
1312,0.0754811
1313,0.0754811
1314,0.0754812
1315,0.0754812
1316,0.0754815
1317,0.0754816
1318,0.0754817
1319,0.0754821
1320,0.0754821
1321,0.0754821
1322,0.0754822
1323,0.0754824
1324,0.0754827
1325,0.0754828
1326,0.0754828
1327,0.0754828
1328,0.0754828
1329,0.0754828
1330,0.0754828
1331,0.0754828
1332,0.0754828
1333,0.0754828
1334,0.0754828
1335,0.0754828
1336,0.0754828
1337,0.0754828
1338,0.0754828
1339,0.0754828
1340,0.0754828
1341,0.0754828
1342,0.0754828
1343,0.0754828
1344,0.0754828
1345,0.0754828
1346,0.0754829
1347,0.0754829
1348,0.0754829
1349,0.0754830
1350,0.0754830
1351,0.0754830
1352,0.0754830
1353,0.0754830
1354,0.0754830
1355,0.0754830
1356,0.0754830
1357,0.0754830
1358,0.0754830
1359,0.0754830
1360,0.0754830
1361,0.0754831
1362,0.0754831
1363,0.0754831
1364,0.0754833
1365,0.0754836
1366,0.0754837
1367,0.0754837
1368,0.0754838
1369,0.0754840
1370,0.0754843
1371,0.0754846
1372,0.0754846
1373,0.0754846
1374,0.0754846
1375,0.0754852
1376,0.0754852
1377,0.0754858
1378,0.0754858
1379,0.0754858
1380,0.0754862
1381,0.0754862
1382,0.0754865
1383,0.0754867
1384,0.0754877
1385,0.0754877
1386,0.0754879
1387,0.0754882
1388,0.0754882
1389,0.0754884
1390,0.0754886
1391,0.0754887
1392,0.0754887
1393,0.0754890
1394,0.0754898
1395,0.0754899
1396,0.0754900
1397,0.0754903
1398,0.0754903
1399,0.0754903
1400,0.0754904
1401,0.0754904
1402,0.0754905
1403,0.0754906
1404,0.0754909
1405,0.0754911
1406,0.0754912
1407,0.0754912
1408,0.0754918
1409,0.0754919
1410,0.0754919
1411,0.0754925
1412,0.0754926
1413,0.0754926
1414,0.0754932
1415,0.0754937
1416,0.0754939
1417,0.0754944
1418,0.0754945
1419,0.0754951
1420,0.0754953
1421,0.0754956
1422,0.0754961
1423,0.0754964
1424,0.0754967
1425,0.0754968
1426,0.0754972
1427,0.0754972
1428,0.0754975
1429,0.0754975
1430,0.0754977
1431,0.0754980
1432,0.0754981
1433,0.0754981
1434,0.0754981
1435,0.0754982
1436,0.0754982
1437,0.0754982
1438,0.0754982
1439,0.0754982
1440,0.0754982
1441,0.0754982
1442,0.0754982
1443,0.0754982
1444,0.0754982
1445,0.0754982
1446,0.0754982
1447,0.0754982
1448,0.0754982
1449,0.0754982
1450,0.0754982
1451,0.0754982
1452,0.0754982
1453,0.0754982
1454,0.0754982
1455,0.0754982
1456,0.0754983
1457,0.0754986
1458,0.0754990
1459,0.0754990
1460,0.0754990
1461,0.0754990
1462,0.0754990
1463,0.0754991
1464,0.0754992
1465,0.0754992
1466,0.0754992
1467,0.0754995
1468,0.0754999
1469,0.0755000
1470,0.0755001
1471,0.0755002
1472,0.0755004
1473,0.0755004
1474,0.0755007
1475,0.0755010
1476,0.0755012
1477,0.0755014
1478,0.0755016
1479,0.0755017
1480,0.0755017
1481,0.0755017
1482,0.0755017
1483,0.0755017
1484,0.0755017
1485,0.0755017
1486,0.0755023
1487,0.0755025
1488,0.0755025
1489,0.0755025
1490,0.0755025
1491,0.0755027
1492,0.0755027
1493,0.0755027
1494,0.0755027
1495,0.0755027
1496,0.0755030
1497,0.0755034
1498,0.0755035
1499,0.0755035
1500,0.0755035
1501,0.0755035
1502,0.0755035
1503,0.0755035
1504,0.0755035
1505,0.0755035
1506,0.0755040
1507,0.0755044
1508,0.0755045
1509,0.0755045
1510,0.0755046
1511,0.0755049
1512,0.0755051
1513,0.0755051
1514,0.0755053
1515,0.0755053
1516,0.0755053
1517,0.0755053
1518,0.0755053
1519,0.0755054
1520,0.0755062
1521,0.0755070
1522,0.0755072
1523,0.0755077
1524,0.0755078
1525,0.0755085
1526,0.0755089
1527,0.0755089
1528,0.0755090
1529,0.0755091
1530,0.0755099
1531,0.0755099
1532,0.0755103
1533,0.0755109
1534,0.0755109
1535,0.0755109
1536,0.0755109
1537,0.0755109
1538,0.0755116
1539,0.0755116
1540,0.0755116
1541,0.0755116
1542,0.0755116
1543,0.0755121
1544,0.0755121
1545,0.0755122
1546,0.0755125
1547,0.0755134
1548,0.0755136
1549,0.0755137
1550,0.0755149
1551,0.0755150
1552,0.0755152
1553,0.0755157
1554,0.0755161
1555,0.0755167
1556,0.0755168
1557,0.0755169
1558,0.0755169
1559,0.0755169
1560,0.0755169
1561,0.0755169
1562,0.0755169
1563,0.0755169
1564,0.0755169
1565,0.0755169
1566,0.0755169
1567,0.0755169
1568,0.0755169
1569,0.0755169
1570,0.0755169
1571,0.0755169
1572,0.0755169
1573,0.0755169
1574,0.0755169
1575,0.0755169
1576,0.0755169
1577,0.0755169
1578,0.0755169
1579,0.0755169
1580,0.0755169
1581,0.0755169
1582,0.0755169
1583,0.0755169
1584,0.0755173
1585,0.0755175
1586,0.0755176
1587,0.0755176
1588,0.0755176
1589,0.0755176
1590,0.0755176
1591,0.0755176
1592,0.0755176
1593,0.0755176
1594,0.0755176
1595,0.0755176
1596,0.0755176
1597,0.0755176
1598,0.0755176
1599,0.0755176
1600,0.0755176
1601,0.0755176
1602,0.0755176
1603,0.0755176
1604,0.0755176
1605,0.0755176
1606,0.0755176
1607,0.0755176
1608,0.0755176
1609,0.0755176
1610,0.0755176
1611,0.0755176
1612,0.0755176
1613,0.0755176
1614,0.0755178
1615,0.0755178
1616,0.0755181
1617,0.0755194
1618,0.0755199
1619,0.0755200
1620,0.0755203
1621,0.0755203
1622,0.0755203
1623,0.0755203
1624,0.0755203
1625,0.0755203
1626,0.0755203
1627,0.0755203
1628,0.0755203
1629,0.0755204
1630,0.0755208
1631,0.0755209
1632,0.0755215
1633,0.0755216
1634,0.0755216
1635,0.0755218
1636,0.0755218
1637,0.0755219
1638,0.0755229
1639,0.0755230
1640,0.0755239
1641,0.0755246
1642,0.0755251
1643,0.0755254
1644,0.0755260
1645,0.0755260
1646,0.0755261
1647,0.0755262
1648,0.0755262
1649,0.0755262
1650,0.0755268
1651,0.0755268
1652,0.0755268
1653,0.0755292
1654,0.0755294
1655,0.0755294
1656,0.0755296
1657,0.0755304
1658,0.0755307
1659,0.0755319
1660,0.0755320
1661,0.0755320
1662,0.0755324
1663,0.0755338
1664,0.0755341
1665,0.0755343
1666,0.0755343
1667,0.0755345
1668,0.0755350
1669,0.0755365
1670,0.0755366
1671,0.0755372
1672,0.0755378
1673,0.0755381
1674,0.0755388
1675,0.0755400
1676,0.0755402
1677,0.0755403
1678,0.0755407
1679,0.0755407
1680,0.0755411
1681,0.0755415
1682,0.0755425
1683,0.0755429
1684,0.0755444
1685,0.0755446
1686,0.0755450
1687,0.0755451
1688,0.0755452
1689,0.0755458
1690,0.0755459
1691,0.0755461
1692,0.0755472
1693,0.0755474
1694,0.0755478
1695,0.0755485
1696,0.0755490
1697,0.0755494
1698,0.0755497
1699,0.0755513
1700,0.0755516
1701,0.0755527
1702,0.0755533
1703,0.0755538
1704,0.0755543
1705,0.0755547
1706,0.0755550
1707,0.0755566
1708,0.0755567
1709,0.0755579
1710,0.0755582
1711,0.0755592
1712,0.0755596
1713,0.0755603
1714,0.0755607
1715,0.0755608
1716,0.0755614
1717,0.0755618
1718,0.0755619
1719,0.0755625
1720,0.0755635
1721,0.0755636
1722,0.0755636
1723,0.0755637
1724,0.0755638
1725,0.0755639
1726,0.0755640
1727,0.0755647
1728,0.0755648
1729,0.0755649
1730,0.0755654
1731,0.0755662
1732,0.0755677
1733,0.0755681
1734,0.0755682
1735,0.0755689
1736,0.0755706
1737,0.0755711
1738,0.0755715
1739,0.0755718
1740,0.0755720
1741,0.0755734
1742,0.0755739
1743,0.0755746
1744,0.0755753
1745,0.0755753
1746,0.0755760
1747,0.0755760
1748,0.0755762
1749,0.0755775
1750,0.0755777
1751,0.0755777
1752,0.0755779
1753,0.0755783
1754,0.0755818
1755,0.0755822
1756,0.0755822
1757,0.0755829
1758,0.0755829
1759,0.0755830
1760,0.0755833
1761,0.0755837
1762,0.0755842
1763,0.0755846
1764,0.0755849
1765,0.0755850
1766,0.0755865
1767,0.0755866
1768,0.0755867
1769,0.0755871
1770,0.0755880
1771,0.0755884
1772,0.0755899
1773,0.0755900
1774,0.0755904
1775,0.0755909
1776,0.0755912
1777,0.0755918
1778,0.0755926
1779,0.0755926
1780,0.0755931
1781,0.0755932
1782,0.0755938
1783,0.0755953
1784,0.0755963
1785,0.0755967
1786,0.0755967
1787,0.0755977
1788,0.0755981
1789,0.0755982
1790,0.0755990
1791,0.0755991
1792,0.0755993
1793,0.0756001
1794,0.0756001
1795,0.0756001
1796,0.0756001
1797,0.0756002
1798,0.0756039
1799,0.0756042
1800,0.0756044
1801,0.0756057
1802,0.0756064
1803,0.0756064
1804,0.0756066
1805,0.0756067
1806,0.0756069
1807,0.0756082
1808,0.0756086
1809,0.0756090
1810,0.0756093
1811,0.0756101
1812,0.0756106
1813,0.0756109
1814,0.0756110
1815,0.0756114
1816,0.0756116
1817,0.0756117
1818,0.0756120
1819,0.0756122
1820,0.0756122
1821,0.0756127
1822,0.0756131
1823,0.0756137
1824,0.0756140
1825,0.0756141
1826,0.0756155
1827,0.0756162
1828,0.0756163
1829,0.0756167
1830,0.0756184
1831,0.0756188
1832,0.0756188
1833,0.0756190
1834,0.0756201
1835,0.0756203
1836,0.0756204
1837,0.0756206
1838,0.0756206
1839,0.0756209
1840,0.0756209
1841,0.0756218
1842,0.0756219
1843,0.0756227
1844,0.0756230
1845,0.0756236
1846,0.0756237
1847,0.0756243
1848,0.0756246
1849,0.0756252
1850,0.0756256
1851,0.0756261
1852,0.0756261
1853,0.0756269
1854,0.0756273
1855,0.0756275
1856,0.0756277
1857,0.0756285
1858,0.0756294
1859,0.0756305
1860,0.0756315
1861,0.0756315
1862,0.0756329
1863,0.0756333
1864,0.0756342
1865,0.0756362
1866,0.0756364
1867,0.0756366
1868,0.0756366
1869,0.0756378
1870,0.0756378
1871,0.0756381
1872,0.0756386
1873,0.0756388
1874,0.0756406
1875,0.0756421
1876,0.0756424
1877,0.0756431
1878,0.0756431
1879,0.0756431
1880,0.0756436
1881,0.0756438
1882,0.0756447
1883,0.0756451
1884,0.0756463
1885,0.0756472
1886,0.0756473
1887,0.0756475
1888,0.0756480
1889,0.0756489
1890,0.0756497
1891,0.0756497
1892,0.0756502
1893,0.0756505
1894,0.0756508
1895,0.0756510
1896,0.0756515
1897,0.0756515
1898,0.0756522
1899,0.0756522
1900,0.0756537
1901,0.0756545
1902,0.0756546
1903,0.0756548
1904,0.0756555
1905,0.0756558
1906,0.0756574
1907,0.0756579
1908,0.0756589
1909,0.0756595
1910,0.0756600
1911,0.0756600
1912,0.0756602
1913,0.0756609
1914,0.0756613
1915,0.0756613
1916,0.0756619
1917,0.0756636
1918,0.0756645
1919,0.0756653
1920,0.0756655
1921,0.0756664
1922,0.0756668
1923,0.0756675
1924,0.0756682
1925,0.0756682
1926,0.0756686
1927,0.0756688
1928,0.0756688
1929,0.0756689
1930,0.0756689
1931,0.0756695
1932,0.0756703
1933,0.0756705
1934,0.0756710
1935,0.0756726
1936,0.0756730
1937,0.0756732
1938,0.0756747
1939,0.0756748
1940,0.0756753
1941,0.0756774
1942,0.0756777
1943,0.0756779
1944,0.0756798
1945,0.0756799
1946,0.0756813
1947,0.0756820
1948,0.0756828
1949,0.0756835
1950,0.0756846
1951,0.0756875
1952,0.0756882
1953,0.0756883
1954,0.0756904
1955,0.0756914
1956,0.0756916
1957,0.0756937
1958,0.0756937
1959,0.0756946
1960,0.0756954
1961,0.0756966
1962,0.0756966
1963,0.0756967
1964,0.0756968
1965,0.0756977
1966,0.0756980
1967,0.0756980
1968,0.0756986
1969,0.0756990
1970,0.0756995
1971,0.0756995
1972,0.0757005
1973,0.0757007
1974,0.0757009
1975,0.0757010
1976,0.0757010
1977,0.0757013
1978,0.0757015
1979,0.0757028
1980,0.0757032
1981,0.0757033
1982,0.0757039
1983,0.0757039
1984,0.0757041
1985,0.0757053
1986,0.0757053
1987,0.0757059
1988,0.0757065
1989,0.0757080
1990,0.0757089
1991,0.0757095
1992,0.0757096
1993,0.0757100
1994,0.0757106
1995,0.0757110
1996,0.0757113
1997,0.0757128
1998,0.0757135
1999,0.0757154
2000,0.0757163
2001,0.0757165
2002,0.0757166
2003,0.0757173
2004,0.0757173
2005,0.0757186
2006,0.0757187
2007,0.0757188
2008,0.0757197
2009,0.0757198
2010,0.0757203
2011,0.0757203
2012,0.0757232
2013,0.0757242
2014,0.0757244
2015,0.0757251
2016,0.0757258
2017,0.0757260
2018,0.0757260
2019,0.0757266
2020,0.0757272
2021,0.0757277
2022,0.0757280
2023,0.0757285
2024,0.0757290
2025,0.0757294
2026,0.0757298
2027,0.0757301
2028,0.0757302
2029,0.0757305
2030,0.0757307
2031,0.0757314
2032,0.0757319
2033,0.0757328
2034,0.0757329
2035,0.0757348
2036,0.0757365
2037,0.0757369
2038,0.0757372
2039,0.0757377
2040,0.0757377
2041,0.0757383
2042,0.0757395
2043,0.0757396
2044,0.0757396
2045,0.0757399
2046,0.0757401
2047,0.0757412
2048,0.0757413
2049,0.0757415
2050,0.0757418
2051,0.0757418
2052,0.0757418
2053,0.0757420
2054,0.0757422
2055,0.0757428
2056,0.0757430
2057,0.0757430
2058,0.0757435
2059,0.0757441
2060,0.0757441
2061,0.0757444
2062,0.0757447
2063,0.0757447
2064,0.0757447
2065,0.0757447
2066,0.0757447
2067,0.0757447
2068,0.0757447
2069,0.0757447
2070,0.0757447
2071,0.0757447
2072,0.0757447
2073,0.0757447
2074,0.0757447
2075,0.0757457
2076,0.0757457
2077,0.0757457
2078,0.0757457
2079,0.0757458
2080,0.0757458
2081,0.0757465
2082,0.0757466
2083,0.0757468
2084,0.0757470
2085,0.0757472
2086,0.0757473
2087,0.0757473
2088,0.0757480
2089,0.0757481
2090,0.0757487
2091,0.0757488
2092,0.0757490
2093,0.0757490
2094,0.0757495
2095,0.0757495
2096,0.0757501
2097,0.0757501
2098,0.0757507
2099,0.0757509
2100,0.0757512
2101,0.0757515
2102,0.0757536
2103,0.0757541
2104,0.0757545
2105,0.0757565
2106,0.0757569
2107,0.0757577
2108,0.0757577
2109,0.0757578
2110,0.0757580
2111,0.0757580
2112,0.0757586
2113,0.0757587
2114,0.0757589
2115,0.0757597
2116,0.0757597
2117,0.0757599
2118,0.0757602
2119,0.0757604
2120,0.0757606
2121,0.0757606
2122,0.0757611
2123,0.0757614
2124,0.0757614
2125,0.0757618
2126,0.0757618
2127,0.0757626
2128,0.0757630
2129,0.0757638
2130,0.0757649
2131,0.0757657
2132,0.0757657
2133,0.0757658
2134,0.0757659
2135,0.0757660
2136,0.0757661
2137,0.0757665
2138,0.0757666
2139,0.0757675
2140,0.0757696
2141,0.0757700
2142,0.0757700
2143,0.0757701
2144,0.0757701
2145,0.0757702
2146,0.0757702
2147,0.0757710
2148,0.0757717
2149,0.0757719
2150,0.0757719
2151,0.0757728
2152,0.0757738
2153,0.0757739
2154,0.0757742
2155,0.0757757
2156,0.0757760
2157,0.0757775
2158,0.0757775
2159,0.0757776
2160,0.0757787
2161,0.0757789
2162,0.0757791
2163,0.0757796
2164,0.0757798
2165,0.0757801
2166,0.0757804
2167,0.0757824
2168,0.0757828
2169,0.0757828
2170,0.0757828
2171,0.0757828
2172,0.0757828
2173,0.0757828
2174,0.0757828
2175,0.0757828
2176,0.0757828
2177,0.0757828
2178,0.0757828
2179,0.0757828
2180,0.0757828
2181,0.0757828
2182,0.0757828
2183,0.0757828
2184,0.0757828
2185,0.0757828
2186,0.0757828
2187,0.0757828
2188,0.0757828
2189,0.0757828
2190,0.0757828
2191,0.0757828
2192,0.0757828
2193,0.0757828
2194,0.0757830
2195,0.0757831
2196,0.0757838
2197,0.0757845
2198,0.0757864
2199,0.0757866
2200,0.0757874
2201,0.0757874
2202,0.0757874
2203,0.0757891
2204,0.0757896
2205,0.0757900
2206,0.0757903
2207,0.0757916
2208,0.0757921
2209,0.0757924
2210,0.0757927
2211,0.0757932
2212,0.0757942
2213,0.0757943
2214,0.0757958
2215,0.0757959
2216,0.0757960
2217,0.0757961
2218,0.0757961
2219,0.0757971
2220,0.0757975
2221,0.0757975
2222,0.0757978
2223,0.0757980
2224,0.0757980
2225,0.0757989
2226,0.0757992
2227,0.0757992
2228,0.0757995
2229,0.0757996
2230,0.0757998
2231,0.0757998
2232,0.0757999
2233,0.0758003
2234,0.0758006
2235,0.0758006
2236,0.0758009
2237,0.0758018
2238,0.0758020
2239,0.0758024
2240,0.0758025
2241,0.0758043
2242,0.0758054
2243,0.0758054
2244,0.0758060
2245,0.0758072
2246,0.0758080
2247,0.0758080
2248,0.0758080
2249,0.0758080
2250,0.0758085
2251,0.0758086
2252,0.0758088
2253,0.0758094
2254,0.0758094
2255,0.0758099
2256,0.0758107
2257,0.0758110
2258,0.0758114
2259,0.0758120
2260,0.0758127
2261,0.0758129
2262,0.0758130
2263,0.0758139
2264,0.0758151
2265,0.0758160
2266,0.0758168
2267,0.0758169
2268,0.0758187
2269,0.0758188
2270,0.0758188
2271,0.0758191
2272,0.0758192
2273,0.0758195
2274,0.0758202
2275,0.0758210
2276,0.0758212
2277,0.0758221
2278,0.0758223
2279,0.0758224
2280,0.0758226
2281,0.0758231
2282,0.0758239
2283,0.0758241
2284,0.0758245
2285,0.0758250
2286,0.0758253
2287,0.0758265
2288,0.0758277
2289,0.0758279
2290,0.0758280
2291,0.0758286
2292,0.0758310
2293,0.0758310
2294,0.0758312
2295,0.0758338
2296,0.0758342
2297,0.0758349
2298,0.0758356
2299,0.0758360
2300,0.0758371
2301,0.0758376
2302,0.0758394
2303,0.0758394
2304,0.0758400
2305,0.0758402
2306,0.0758407
2307,0.0758421
2308,0.0758424
2309,0.0758424
2310,0.0758436
2311,0.0758443
2312,0.0758443
2313,0.0758445
2314,0.0758455
2315,0.0758456
2316,0.0758458
2317,0.0758461
2318,0.0758463
2319,0.0758469
2320,0.0758473
2321,0.0758474
2322,0.0758475
2323,0.0758481
2324,0.0758491
2325,0.0758492
2326,0.0758494
2327,0.0758498
2328,0.0758506
2329,0.0758510
2330,0.0758535
2331,0.0758540
2332,0.0758542
2333,0.0758561
2334,0.0758561
2335,0.0758580
2336,0.0758582
2337,0.0758589
2338,0.0758593
2339,0.0758598
2340,0.0758602
2341,0.0758604
2342,0.0758612
2343,0.0758621
2344,0.0758627
2345,0.0758630
2346,0.0758631
2347,0.0758660
2348,0.0758666
2349,0.0758679
2350,0.0758682
2351,0.0758692
2352,0.0758694
2353,0.0758722
2354,0.0758733
2355,0.0758735
2356,0.0758749
2357,0.0758773
2358,0.0758773
2359,0.0758777
2360,0.0758779
2361,0.0758785
2362,0.0758791
2363,0.0758794
2364,0.0758803
2365,0.0758804
2366,0.0758808
2367,0.0758814
2368,0.0758814
2369,0.0758815
2370,0.0758815
2371,0.0758817
2372,0.0758820
2373,0.0758822
2374,0.0758822
2375,0.0758824
2376,0.0758830
2377,0.0758841
2378,0.0758846
2379,0.0758849
2380,0.0758855
2381,0.0758860
2382,0.0758864
2383,0.0758868
2384,0.0758872
2385,0.0758912
2386,0.0758912
2387,0.0758912
2388,0.0758912
2389,0.0758912
2390,0.0758924
2391,0.0758936
2392,0.0758937
2393,0.0758969
2394,0.0758976
2395,0.0758984
2396,0.0758991
2397,0.0758993
2398,0.0758996
2399,0.0758999
2400,0.0759010
2401,0.0759013
2402,0.0759015
2403,0.0759017
2404,0.0759069
2405,0.0759070
2406,0.0759071
2407,0.0759076
2408,0.0759076
2409,0.0759079
2410,0.0759095
2411,0.0759098
2412,0.0759115
2413,0.0759121
2414,0.0759121
2415,0.0759132
2416,0.0759138
2417,0.0759141
2418,0.0759142
2419,0.0759145
2420,0.0759160
2421,0.0759177
2422,0.0759185
2423,0.0759185
2424,0.0759186
2425,0.0759188
2426,0.0759201
2427,0.0759210
2428,0.0759211
2429,0.0759211
2430,0.0759213
2431,0.0759224
2432,0.0759224
2433,0.0759224
2434,0.0759224
2435,0.0759224
2436,0.0759227
2437,0.0759230
2438,0.0759235
2439,0.0759243
2440,0.0759249
2441,0.0759250
2442,0.0759256
2443,0.0759264
2444,0.0759268
2445,0.0759269
2446,0.0759275
2447,0.0759280
2448,0.0759285
2449,0.0759288
2450,0.0759297
2451,0.0759298
2452,0.0759301
2453,0.0759305
2454,0.0759305
2455,0.0759305
2456,0.0759305
2457,0.0759305
2458,0.0759305
2459,0.0759305
2460,0.0759305
2461,0.0759305
2462,0.0759312
2463,0.0759312
2464,0.0759312
2465,0.0759312
2466,0.0759314
2467,0.0759314
2468,0.0759314
2469,0.0759314
2470,0.0759314
2471,0.0759314
2472,0.0759314
2473,0.0759314
2474,0.0759314
2475,0.0759315
2476,0.0759317
2477,0.0759326
2478,0.0759326
2479,0.0759334
2480,0.0759340
2481,0.0759341
2482,0.0759346
2483,0.0759352
2484,0.0759352
2485,0.0759352
2486,0.0759357
2487,0.0759358
2488,0.0759358
2489,0.0759359
2490,0.0759368
2491,0.0759369
2492,0.0759372
2493,0.0759377
2494,0.0759377
2495,0.0759383
2496,0.0759389
2497,0.0759393
2498,0.0759394
2499,0.0759401
2500,0.0759402
2501,0.0759402
2502,0.0759404
2503,0.0759414
2504,0.0759419
2505,0.0759422
2506,0.0759431
2507,0.0759431
2508,0.0759431
2509,0.0759437
2510,0.0759447
2511,0.0759448
2512,0.0759448
2513,0.0759450
2514,0.0759464
2515,0.0759476
2516,0.0759485
2517,0.0759488
2518,0.0759489
2519,0.0759489
2520,0.0759489
2521,0.0759489
2522,0.0759489
2523,0.0759494
2524,0.0759494
2525,0.0759494
2526,0.0759494
2527,0.0759494
2528,0.0759494
2529,0.0759494
2530,0.0759494
2531,0.0759494
2532,0.0759495
2533,0.0759499
2534,0.0759505
2535,0.0759512
2536,0.0759515
2537,0.0759517
2538,0.0759518
2539,0.0759527
2540,0.0759530
2541,0.0759536
2542,0.0759536
2543,0.0759550
2544,0.0759563
2545,0.0759567
2546,0.0759567
2547,0.0759567
2548,0.0759567
2549,0.0759578
2550,0.0759581
2551,0.0759587
2552,0.0759591
2553,0.0759601
2554,0.0759616
2555,0.0759616
2556,0.0759621
2557,0.0759623
2558,0.0759630
2559,0.0759634
2560,0.0759634
2561,0.0759644
2562,0.0759659
2563,0.0759669
2564,0.0759672
2565,0.0759677
2566,0.0759682
2567,0.0759683
2568,0.0759694
2569,0.0759695
2570,0.0759696
2571,0.0759697
2572,0.0759714
2573,0.0759719
2574,0.0759730
2575,0.0759753
2576,0.0759775
2577,0.0759787
2578,0.0759796
2579,0.0759811
2580,0.0759814
2581,0.0759825
2582,0.0759825
2583,0.0759825
2584,0.0759825
2585,0.0759825
2586,0.0759843
2587,0.0759848
2588,0.0759850
2589,0.0759857
2590,0.0759858
2591,0.0759864
2592,0.0759872
2593,0.0759874
2594,0.0759875
2595,0.0759878
2596,0.0759880
2597,0.0759881
2598,0.0759881
2599,0.0759896
2600,0.0759910
2601,0.0759920
2602,0.0759932
2603,0.0759933
2604,0.0759949
2605,0.0759953
2606,0.0759963
2607,0.0759968
2608,0.0759978
2609,0.0759991
2610,0.0760005
2611,0.0760021
2612,0.0760022
2613,0.0760026
2614,0.0760026
2615,0.0760030
2616,0.0760034
2617,0.0760043
2618,0.0760043
2619,0.0760043
2620,0.0760043
2621,0.0760048
2622,0.0760055
2623,0.0760058
2624,0.0760062
2625,0.0760101
2626,0.0760116
2627,0.0760123
2628,0.0760125
2629,0.0760125
2630,0.0760145
2631,0.0760147
2632,0.0760152
2633,0.0760160
2634,0.0760168
2635,0.0760171
2636,0.0760191
2637,0.0760198
2638,0.0760210
2639,0.0760215
2640,0.0760222
2641,0.0760224
2642,0.0760225
2643,0.0760249
2644,0.0760274
2645,0.0760274
2646,0.0760345
2647,0.0760345
2648,0.0760347
2649,0.0760349
2650,0.0760353
2651,0.0760369
2652,0.0760373
2653,0.0760378
2654,0.0760381
2655,0.0760382
2656,0.0760390
2657,0.0760391
2658,0.0760391
2659,0.0760405
2660,0.0760427
2661,0.0760427
2662,0.0760438
2663,0.0760443
2664,0.0760454
2665,0.0760461
2666,0.0760469
2667,0.0760479
2668,0.0760479
2669,0.0760485
2670,0.0760492
2671,0.0760512
2672,0.0760535
2673,0.0760544
2674,0.0760567
2675,0.0760573
2676,0.0760588
2677,0.0760599
2678,0.0760605
2679,0.0760613
2680,0.0760669
2681,0.0760676
2682,0.0760689
2683,0.0760700
2684,0.0760707
2685,0.0760735
2686,0.0760743
2687,0.0760754
2688,0.0760759
2689,0.0760760
2690,0.0760772
2691,0.0760778
2692,0.0760783
2693,0.0760784
2694,0.0760793
2695,0.0760822
2696,0.0760822
2697,0.0760824
2698,0.0760829
2699,0.0760830
2700,0.0760836
2701,0.0760847
2702,0.0760871
2703,0.0760884
2704,0.0760890
2705,0.0760891
2706,0.0760911
2707,0.0760911
2708,0.0760911
2709,0.0760911
2710,0.0760911
2711,0.0760911
2712,0.0760911
2713,0.0760911
2714,0.0760926
2715,0.0760984
2716,0.0760993
2717,0.0761011
2718,0.0761018
2719,0.0761042
2720,0.0761043
2721,0.0761069
2722,0.0761081
2723,0.0761095
2724,0.0761113
2725,0.0761117
2726,0.0761132
2727,0.0761146
2728,0.0761166
2729,0.0761174
2730,0.0761187
2731,0.0761224
2732,0.0761239
2733,0.0761245
2734,0.0761281
2735,0.0761336
2736,0.0761341
2737,0.0761344
2738,0.0761351
2739,0.0761396
2740,0.0761402
2741,0.0761421
2742,0.0761425
2743,0.0761448
2744,0.0761452
2745,0.0761481
2746,0.0761511
2747,0.0761531
2748,0.0761549
2749,0.0761555
2750,0.0761570
2751,0.0761597
2752,0.0761603
2753,0.0761604
2754,0.0761608
2755,0.0761617
2756,0.0761621
2757,0.0761632
2758,0.0761632
2759,0.0761668
2760,0.0761719
2761,0.0761743
2762,0.0761754
2763,0.0761781
2764,0.0761848
2765,0.0761854
2766,0.0761856
2767,0.0761863
2768,0.0761874
2769,0.0761883
2770,0.0761908
2771,0.0761908
2772,0.0761908
2773,0.0761934
2774,0.0761974
2775,0.0761981
2776,0.0762021
2777,0.0762061
2778,0.0762062
2779,0.0762094
2780,0.0762097
2781,0.0762099
2782,0.0762120
2783,0.0762121
2784,0.0762130
2785,0.0762145
2786,0.0762148
2787,0.0762167
2788,0.0762185
2789,0.0762189
2790,0.0762195
2791,0.0762198
2792,0.0762198
2793,0.0762260
2794,0.0762261
2795,0.0762318
2796,0.0762336
2797,0.0762342
2798,0.0762362
2799,0.0762372
2800,0.0762401
2801,0.0762407
2802,0.0762415
2803,0.0762415
2804,0.0762457
2805,0.0762567
2806,0.0762594
2807,0.0762601
2808,0.0762650
2809,0.0762654
2810,0.0762656
2811,0.0762661
2812,0.0762662
2813,0.0762704
2814,0.0762727
2815,0.0762752
2816,0.0762776
2817,0.0762782
2818,0.0762803
2819,0.0762815
2820,0.0762840
2821,0.0762887
2822,0.0762907
2823,0.0762909
2824,0.0762946
2825,0.0762962
2826,0.0762982
2827,0.0763012
2828,0.0763030
2829,0.0763051
2830,0.0763057
2831,0.0763075
2832,0.0763081
2833,0.0763125
2834,0.0763147
2835,0.0763158
2836,0.0763207
2837,0.0763243
2838,0.0763252
2839,0.0763265
2840,0.0763265
2841,0.0763265
2842,0.0763265
2843,0.0763268
2844,0.0763271
2845,0.0763287
2846,0.0763366
2847,0.0763378
2848,0.0763388
2849,0.0763392
2850,0.0763393
2851,0.0763403
2852,0.0763435
2853,0.0763450
2854,0.0763462
2855,0.0763465
2856,0.0763505
2857,0.0763506
2858,0.0763517
2859,0.0763525
2860,0.0763559
2861,0.0763569
2862,0.0763592
2863,0.0763607
2864,0.0763631
2865,0.0763657
2866,0.0763675
2867,0.0763713
2868,0.0763739
2869,0.0763763
2870,0.0763778
2871,0.0763781
2872,0.0763785
2873,0.0763794
2874,0.0763820
2875,0.0763829
2876,0.0763839
2877,0.0763839
2878,0.0763843
2879,0.0763853
2880,0.0763895
2881,0.0763905
2882,0.0763905
2883,0.0763920
2884,0.0763964
2885,0.0763974
2886,0.0764041
2887,0.0764061
2888,0.0764066
2889,0.0764081
2890,0.0764083
2891,0.0764148
2892,0.0764172
2893,0.0764179
2894,0.0764181
2895,0.0764195
2896,0.0764246
2897,0.0764256
2898,0.0764267
2899,0.0764267
2900,0.0764304
2901,0.0764352
2902,0.0764383
2903,0.0764483
2904,0.0764495
2905,0.0764510
2906,0.0764525
2907,0.0764543
2908,0.0764563
2909,0.0764587
2910,0.0764616
2911,0.0764616
2912,0.0764616
2913,0.0764640
2914,0.0764701
2915,0.0764755
2916,0.0764763
2917,0.0764798
2918,0.0764823
2919,0.0764824
2920,0.0764941
2921,0.0765115
2922,0.0765116
2923,0.0765139
2924,0.0765139
2925,0.0765155
2926,0.0765157
2927,0.0765168
2928,0.0765190
2929,0.0765212
2930,0.0765234
2931,0.0765239
2932,0.0765258
2933,0.0765265
2934,0.0765331
2935,0.0765352
2936,0.0765363
2937,0.0765380
2938,0.0765404
2939,0.0765439
2940,0.0765491
2941,0.0765522
2942,0.0765530
2943,0.0765536
2944,0.0765540
2945,0.0765540
2946,0.0765540
2947,0.0765544
2948,0.0765544
2949,0.0765544
2950,0.0765544
2951,0.0765544
2952,0.0765544
2953,0.0765544
2954,0.0765544
2955,0.0765544
2956,0.0765544
2957,0.0765544
2958,0.0765544
2959,0.0765544
2960,0.0765544
2961,0.0765544
2962,0.0765544
2963,0.0765544
2964,0.0765544
2965,0.0765544
2966,0.0765544
2967,0.0765544
2968,0.0765544
2969,0.0765544
2970,0.0765544
2971,0.0765544
2972,0.0765544
2973,0.0765544
2974,0.0765544
2975,0.0765544
2976,0.0765544
2977,0.0765544
2978,0.0765544
2979,0.0765544
2980,0.0765544
2981,0.0765544
2982,0.0765544
2983,0.0765544
2984,0.0765544
2985,0.0765544
2986,0.0765544
2987,0.0765544
2988,0.0765544
2989,0.0765544
2990,0.0765544
2991,0.0765544
2992,0.0765544
2993,0.0765544
2994,0.0765544
2995,0.0765544
2996,0.0765544
2997,0.0765544
2998,0.0765544
2999,0.0765544
3000,0.0765544
3001,0.0765544
3002,0.0765544
3003,0.0765544
3004,0.0765544
3005,0.0765544
3006,0.0765544
3007,0.0765544
3008,0.0765544
3009,0.0765544
3010,0.0765544
3011,0.0765544
3012,0.0765544
3013,0.0765544
3014,0.0765544
3015,0.0765544
3016,0.0765544
3017,0.0765544
3018,0.0765544
3019,0.0765544
3020,0.0765544
3021,0.0765544
3022,0.0765544
3023,0.0765544
3024,0.0765544
3025,0.0765544
3026,0.0765544
3027,0.0765544
3028,0.0765544
3029,0.0765544
3030,0.0765544
3031,0.0765544
3032,0.0765544
3033,0.0765619
3034,0.0765666
3035,0.0765709
3036,0.0765714
3037,0.0765760
3038,0.0765776
3039,0.0765777
3040,0.0765777
3041,0.0765777
3042,0.0765777
3043,0.0765777
3044,0.0765777
3045,0.0765777
3046,0.0765777
3047,0.0765777
3048,0.0765777
3049,0.0765777
3050,0.0765777
3051,0.0765777
3052,0.0765777
3053,0.0765777
3054,0.0765777
3055,0.0765777
3056,0.0765777
3057,0.0765777
3058,0.0765777
3059,0.0765777
3060,0.0765777
3061,0.0765777
3062,0.0765777
3063,0.0765777
3064,0.0765777
3065,0.0765777
3066,0.0765777
3067,0.0765777
3068,0.0765777
3069,0.0765777
3070,0.0765777
3071,0.0765777
3072,0.0765777
3073,0.0765777
3074,0.0765777
3075,0.0765777
3076,0.0765777
3077,0.0765777
3078,0.0765777
3079,0.0765777
3080,0.0765777
3081,0.0765777
3082,0.0765777
3083,0.0765777
3084,0.0765777
3085,0.0765777
3086,0.0765777
3087,0.0765777
3088,0.0765777
3089,0.0765777
3090,0.0765777
3091,0.0765777
3092,0.0765777
3093,0.0765777
3094,0.0765777
3095,0.0765777
3096,0.0765777
3097,0.0765777
3098,0.0765777
3099,0.0765777
3100,0.0765782
3101,0.0765791
3102,0.0765822
3103,0.0765827
3104,0.0765982
3105,0.0766029
3106,0.0766083
3107,0.0766133
3108,0.0766163
3109,0.0766164
3110,0.0766170
3111,0.0766203
3112,0.0766204
3113,0.0766223
3114,0.0766236
3115,0.0766241
3116,0.0766249
3117,0.0766252
3118,0.0766262
3119,0.0766307
3120,0.0766307
3121,0.0766307
3122,0.0766307
3123,0.0766307
3124,0.0766307
3125,0.0766307
3126,0.0766307
3127,0.0766307
3128,0.0766307
3129,0.0766307
3130,0.0766307
3131,0.0766307
3132,0.0766307
3133,0.0766307
3134,0.0766307
3135,0.0766307
3136,0.0766307
3137,0.0766307
3138,0.0766307
3139,0.0766307
3140,0.0766307
3141,0.0766307
3142,0.0766307
3143,0.0766307
3144,0.0766307
3145,0.0766307
3146,0.0766307
3147,0.0766307
3148,0.0766307
3149,0.0766307
3150,0.0766307
3151,0.0766307
3152,0.0766307
3153,0.0766307
3154,0.0766307
3155,0.0766307
3156,0.0766320
3157,0.0766334
3158,0.0766346
3159,0.0766379
3160,0.0766423
3161,0.0766456
3162,0.0766462
3163,0.0766486
3164,0.0766512
3165,0.0766519
3166,0.0766588
3167,0.0766590
3168,0.0766648
3169,0.0766730
3170,0.0766732
3171,0.0766846
3172,0.0766867
3173,0.0766881
3174,0.0766881
3175,0.0767008
3176,0.0767018
3177,0.0767022
3178,0.0767045
3179,0.0767051
3180,0.0767072
3181,0.0767087
3182,0.0767178
3183,0.0767205
3184,0.0767249
3185,0.0767469
3186,0.0767500
3187,0.0767577
3188,0.0767734
3189,0.0767740
3190,0.0767745
3191,0.0767832
3192,0.0767846
3193,0.0767849
3194,0.0767871
3195,0.0767926
3196,0.0768004
3197,0.0768024
3198,0.0768043
3199,0.0768062
3200,0.0768175
3201,0.0768176
3202,0.0768277
3203,0.0768277
3204,0.0768312
3205,0.0768354
3206,0.0768374
3207,0.0768460
3208,0.0768475
3209,0.0768482
3210,0.0768588
3211,0.0768765
3212,0.0768786
3213,0.0768984
3214,0.0769051
3215,0.0769061
3216,0.0769180
3217,0.0769463
3218,0.0769486
3219,0.0769510
3220,0.0769564
3221,0.0769572
3222,0.0769577
3223,0.0769643
3224,0.0769645
3225,0.0769933
3226,0.0770157
3227,0.0770171
3228,0.0770335
3229,0.0770395
3230,0.0770548
3231,0.0770576
3232,0.0770591
3233,0.0770597
3234,0.0770605
3235,0.0770605
3236,0.0770653
3237,0.0771092
3238,0.0771165
3239,0.0771187
3240,0.0771198
3241,0.0771199
3242,0.0771204
3243,0.0771237
3244,0.0771237
3245,0.0771237
3246,0.0771237
3247,0.0771237
3248,0.0771245
3249,0.0771259
3250,0.0771281
3251,0.0771428
3252,0.0771628
3253,0.0771671
3254,0.0771738
3255,0.0771802
3256,0.0771823
3257,0.0771931
3258,0.0771950
3259,0.0772187
3260,0.0772200
3261,0.0772261
3262,0.0772322
3263,0.0772608
3264,0.0772666
3265,0.0772671
3266,0.0772763
3267,0.0772837
3268,0.0772925
3269,0.0772994
3270,0.0773168
3271,0.0773390
3272,0.0773431
3273,0.0773443
3274,0.0773595
3275,0.0773612
3276,0.0773639
3277,0.0773734
3278,0.0773734
3279,0.0773734
3280,0.0773734
3281,0.0773861
3282,0.0774054
3283,0.0774172
3284,0.0774191
3285,0.0774193
3286,0.0774231
3287,0.0774231
3288,0.0774231
3289,0.0774231
3290,0.0774231
3291,0.0774231
3292,0.0774231
3293,0.0774231
3294,0.0774231
3295,0.0774231
3296,0.0774231
3297,0.0774231
3298,0.0774231
3299,0.0774231
3300,0.0774231
3301,0.0774231
3302,0.0774231
3303,0.0774231
3304,0.0774231
3305,0.0774231
3306,0.0774231
3307,0.0774231
3308,0.0774231
3309,0.0774231
3310,0.0774231
3311,0.0774231
3312,0.0774231
3313,0.0774231
3314,0.0774231
3315,0.0774231
3316,0.0774231
3317,0.0774231
3318,0.0774231
3319,0.0774231
3320,0.0774231
3321,0.0774231
3322,0.0774231
3323,0.0774231
3324,0.0774231
3325,0.0774231
3326,0.0774231
3327,0.0774231
3328,0.0774231
3329,0.0774231
3330,0.0774231
3331,0.0774231
3332,0.0774231
3333,0.0774231
3334,0.0774231
3335,0.0774231
3336,0.0774231
3337,0.0774231
3338,0.0774231
3339,0.0774231
3340,0.0774231
3341,0.0774231
3342,0.0774231
3343,0.0774231
3344,0.0774231
3345,0.0774231
3346,0.0774231
3347,0.0774231
3348,0.0774231
3349,0.0774231
3350,0.0774231
3351,0.0774231
3352,0.0774231
3353,0.0774231
3354,0.0774231
3355,0.0774231
3356,0.0774231
3357,0.0774231
3358,0.0774231
3359,0.0774231
3360,0.0774231
3361,0.0774231
3362,0.0774231
3363,0.0774231
3364,0.0774231
3365,0.0774231
3366,0.0774231
3367,0.0774231
3368,0.0774231
3369,0.0774231
3370,0.0774231
3371,0.0774231
3372,0.0774231
3373,0.0774231
3374,0.0774231
3375,0.0774231
3376,0.0774231
3377,0.0774231
3378,0.0774231
3379,0.0774231
3380,0.0774231
3381,0.0774231
3382,0.0774231
3383,0.0774231
3384,0.0774231
3385,0.0774231
3386,0.0774231
3387,0.0774231
3388,0.0774231
3389,0.0774231
3390,0.0774231
3391,0.0774231
3392,0.0774231
3393,0.0774231
3394,0.0774231
3395,0.0774231
3396,0.0774231
3397,0.0774231
3398,0.0774231
3399,0.0774231
3400,0.0774231
3401,0.0774231
3402,0.0774231
3403,0.0774231
3404,0.0774231
3405,0.0774231
3406,0.0774231
3407,0.0774231
3408,0.0774231
3409,0.0774231
3410,0.0774231
3411,0.0774231
3412,0.0774231
3413,0.0774231
3414,0.0774231
3415,0.0774231
3416,0.0774231
3417,0.0774231
3418,0.0774231
3419,0.0774231
3420,0.0774231
3421,0.0774231
3422,0.0774231
3423,0.0774231
3424,0.0774231
3425,0.0774231
3426,0.0774231
3427,0.0774231
3428,0.0774231
3429,0.0774231
3430,0.0774231
3431,0.0774231
3432,0.0774231
3433,0.0774231
3434,0.0774231
3435,0.0774231
3436,0.0774231
3437,0.0774231
3438,0.0774231
3439,0.0774231
3440,0.0774231
3441,0.0774231
3442,0.0774231
3443,0.0774231
3444,0.0774231
3445,0.0774231
3446,0.0774231
3447,0.0774231
3448,0.0774231
3449,0.0774231
3450,0.0774231
3451,0.0774231
3452,0.0774231
3453,0.0774231
3454,0.0774231
3455,0.0774231
3456,0.0774231
3457,0.0774231
3458,0.0774231
3459,0.0774231
3460,0.0774231
3461,0.0774231
3462,0.0774231
3463,0.0774231
3464,0.0774231
3465,0.0774231
3466,0.0774231
3467,0.0774231
3468,0.0774231
3469,0.0774231
3470,0.0774231
3471,0.0774231
3472,0.0774231
3473,0.0774231
3474,0.0774231
3475,0.0774231
3476,0.0774231
3477,0.0774231
3478,0.0774231
3479,0.0774231
3480,0.0774231
3481,0.0774231
3482,0.0774231
3483,0.0774231
3484,0.0774231
3485,0.0774231
3486,0.0774231
3487,0.0774231
3488,0.0774231
3489,0.0774231
3490,0.0774231
3491,0.0774231
3492,0.0774231
3493,0.0774231
3494,0.0774231
3495,0.0774231
3496,0.0774231
3497,0.0774231
3498,0.0774231
3499,0.0774231
3500,0.0774231
3501,0.0774231
3502,0.0774231
3503,0.0774231
3504,0.0774231
3505,0.0774231
3506,0.0774231
3507,0.0774231
3508,0.0774231
3509,0.0774231
3510,0.0774231
3511,0.0774231
3512,0.0774231
3513,0.0774231
3514,0.0774231
3515,0.0774231
3516,0.0774231
3517,0.0774231
3518,0.0774231
3519,0.0774231
3520,0.0774231
3521,0.0774231
3522,0.0774231
3523,0.0774231
3524,0.0774231
3525,0.0774231
3526,0.0774231
3527,0.0774231
3528,0.0774231
3529,0.0774231
3530,0.0774231
3531,0.0774231
3532,0.0774231
3533,0.0774231
3534,0.0774231
3535,0.0774231
3536,0.0774231
3537,0.0774231
3538,0.0774231
3539,0.0774231
3540,0.0774231
3541,0.0774231
3542,0.0774231
3543,0.0774231
3544,0.0774231
3545,0.0774231
3546,0.0774231
3547,0.0774231
3548,0.0774231
3549,0.0774231
3550,0.0774231
3551,0.0774231
3552,0.0774231
3553,0.0774231
3554,0.0774231
3555,0.0774231
3556,0.0774231
3557,0.0774231
3558,0.0774231
3559,0.0774231
3560,0.0774231
3561,0.0774231
3562,0.0774231
3563,0.0774231
3564,0.0774231
3565,0.0774231
3566,0.0774231
3567,0.0774231
3568,0.0774231
3569,0.0774231
3570,0.0774231
3571,0.0774231
3572,0.0774231
3573,0.0774231
3574,0.0774231
3575,0.0774231
3576,0.0774231
3577,0.0774231
3578,0.0774231
3579,0.0774231
3580,0.0774231
3581,0.0774231
3582,0.0774231
3583,0.0774231
3584,0.0774231
3585,0.0774231
3586,0.0774231
3587,0.0774231
3588,0.0774231
3589,0.0774231
3590,0.0774231
3591,0.0774231
3592,0.0774231
3593,0.0774231
3594,0.0774231
3595,0.0774231
3596,0.0774231
3597,0.0774231
3598,0.0774231
3599,0.0774263
3600,0.0774331
3601,0.0774406
3602,0.0774457
3603,0.0774482
3604,0.0774482
3605,0.0774486
3606,0.0774500
3607,0.0774556
3608,0.0774630
3609,0.0774724
3610,0.0774781
3611,0.0774792
3612,0.0774841
3613,0.0775083
3614,0.0775141
3615,0.0775161
3616,0.0775216
3617,0.0775376
3618,0.0775430
3619,0.0775566
3620,0.0776012
3621,0.0776250
3622,0.0776324
3623,0.0776403
3624,0.0776403
3625,0.0776612
3626,0.0776820
3627,0.0776865
3628,0.0776978
3629,0.0777351
3630,0.0777391
3631,0.0777410
3632,0.0777438
3633,0.0777473
3634,0.0777820
3635,0.0777851
3636,0.0777866
3637,0.0777914
3638,0.0778047
3639,0.0778065
3640,0.0778245
3641,0.0778342
3642,0.0778467
3643,0.0779017
3644,0.0779297
3645,0.0779547
3646,0.0779585
3647,0.0779826
3648,0.0779861
3649,0.0780173
3650,0.0780502
3651,0.0780525
3652,0.0780561
3653,0.0780611
3654,0.0780836
3655,0.0780953
3656,0.0780974
3657,0.0781493
3658,0.0781667
3659,0.0781806
3660,0.0782046
3661,0.0782050
3662,0.0782687
3663,0.0782955
3664,0.0783379
3665,0.0784016
3666,0.0784249
3667,0.0784666
3668,0.0784832
3669,0.0786956
3670,0.0787871
3671,0.0788498
3672,0.0788877
3673,0.0789039
3674,0.0789041
3675,0.0790014
3676,0.0790185
3677,0.0791937
3678,0.0792186
3679,0.0792748
3680,0.0792930
3681,0.0795696
3682,0.0797945
3683,0.0798059
3684,0.0798300
3685,0.0799191
3686,0.0799295
3687,0.0800003
3688,0.0802324
3689,0.0802877
3690,0.0803581
3691,0.0803844
3692,0.0804115
3693,0.0804126
3694,0.0804385
3695,0.0804494
3696,0.0804605
3697,0.0804972
3698,0.0806433
3699,0.0806654
3700,0.0806832
3701,0.0809083
3702,0.0812372
3703,0.0814687
3704,0.0815062
3705,0.0817435
3706,0.0817758
3707,0.0819114
3708,0.0821620
3709,0.0822352
3710,0.0824160
3711,0.0829521
3712,0.0831643
3713,0.0834397
3714,0.0835452
3715,0.0837089
3716,0.0841853
3717,0.0842497
3718,0.0850182
3719,0.0854683
3720,0.0858508
3721,0.0864197
3722,0.0871048
3723,0.0871856
3724,0.0874186
3725,0.0878715
3726,0.0883061
3727,0.0886194
3728,0.0892476
3729,0.0897506
3730,0.0898519
3731,0.0898724
3732,0.0898921
3733,0.0898927
3734,0.0899182
3735,0.0900708
3736,0.0904615
3737,0.0904875
3738,0.0910453
3739,0.0911486
3740,0.0911848
3741,0.0922663
3742,0.0923911
3743,0.0925982
3744,0.0938746
3745,0.0943478
3746,0.0953163
3747,0.0953492
3748,0.1004108
3749,0.1036963
3750,0.1060631
3751,0.1072379
3752,0.1083777
3753,0.1108353
3754,0.1219113
3755,0.1264182
3756,0.1348494
3757,0.1348842
3758,0.1350177
3759,0.1436754
3760,0.1472816
3761,0.1504081
3762,0.1505590
3763,0.2529312
3764,0.3360225
3765,0.3931268
3766,0.4006549
3767,0.4189551
3768,0.4420427
3769,0.4645892
3770,0.9339399
3771,1.0002854
3772,1.1007659
3773,1.3400724
3774,1.5548762
3775,2.0526749
3776,159.5736356
3777,174.1085818
3778,178.9578493
3779,3075314.3953341
